Profile,Source or requirement,Applicability questions,Architecture capabilities,Required authority or review,Activation status
GLOBAL,"ISO/IEC 27001 and 27002 baseline","What is the ISMS scope legal entity service boundary risk appetite and supplier boundary?","Unified controls risk treatment evidence management review and improvement","Executive CISO Internal Audit and independent certification body only if certification pursued","DESIGNED_TO_ALIGN_NOT_CERTIFIED"
GLOBAL,"ISO/IEC 27701 privacy baseline","Which entities are PII controllers processors or equivalent for each purpose?","PIMS processing inventory DPIA notices rights retention transfer supplier and breach workflows","Privacy Legal Data Owners and independent certification body only if certification pursued","DESIGNED_TO_ALIGN_NOT_CERTIFIED"
GLOBAL,"NIST CSF 2.0","What current and target risk outcomes apply to the deployment and service tier?","Govern Identify Protect Detect Respond Recover profile and improvement plan","CISO and Enterprise Risk","APPLICABLE_REFERENCE"
GLOBAL,"PCI DSS 4.0.1","Does VAT-MSA store process transmit cardholder data or affect the security of the CDE?","Scope minimization segmentation payment provider integration evidence and tests","Payment Security Finance Legal and QSA or competent assessor as required","PAYMENTS_DISABLED_SCOPE_UNDETERMINED"
GLOBAL,"ISO/IEC 42001 and AI security","Is any AI ML model inference RAG agent or automated decision introduced?","AI inventory impact model data prompt tool output monitoring and human oversight controls","AI Governance CISO Privacy Legal and relevant regulator","AI_DISABLED"
EU_EEA,"GDPR Regulation EU 2016/679","Is there EU establishment offering monitoring or otherwise in-scope processing and what is each party role?","Principles accountability ROPA processor terms design security DPIA rights breach DPO representative and transfers","EU Legal Privacy and competent supervisory advice where required","CONDITIONAL_LEGAL_ASSESSMENT_REQUIRED"
EU_EEA,"NIS2 Directive EU 2022/2555 and Member State law","Is the actual entity or service covered by sector size designation or national transposition?","Management accountability risk controls incident reporting continuity supply chain vulnerability cryptography and MFA","Country Legal CISO Management Body and competent authority","CONDITIONAL_MEMBER_STATE_ASSESSMENT_REQUIRED"
EU_EEA,"Electronic identity and trust requirements","Does the service provide or rely on regulated trust electronic signature seal timestamp or identity services?","Qualified or approved trust integration signature purpose validation and evidence","Country Legal Trust Authority and regulator","CONDITIONAL_NOT_AUTHORIZED"
EU_EEA,"Financial digital operational resilience and sector rules","Is the customer or VAT-MSA entity a regulated financial entity or critical ICT provider in scope?","ICT risk incident testing supplier concentration and oversight evidence","Financial Regulatory Legal Procurement and CISO","CONDITIONAL_SCOPE_UNDETERMINED"
USA,"NIST CSF 2.0","Is a customer or contract using CSF as voluntary or mandatory profile?","Current target profiles risk outcomes and improvement evidence","US Contract Authority and CISO","CONDITIONAL_CONTRACT_PROFILE"
USA,"NIST SP 800-171 Rev.3","Does a US federal contract or agreement place CUI in a defined VAT-MSA boundary?","CUI boundary tailored requirements assessment and incident obligations","US Contract Legal CISO and contracting agency","NOT_CURRENTLY_IN_SCOPE"
USA,"FISMA FedRAMP or agency cloud requirements","Is VAT-MSA used by a US federal agency in a context requiring authorization?","Authorization boundary control baseline continuous monitoring and agency evidence","Agency Authorizing Official Legal and CISO","NOT_CURRENTLY_IN_SCOPE"
USA,"State privacy and breach laws","Which states residents thresholds data categories exemptions sale share advertising rights and notification laws apply?","State-aware privacy cases sensitive-data controls contracts retention and breach decision matrix","US Privacy Counsel per deployment","CONDITIONAL_LEGAL_ASSESSMENT_REQUIRED"
USA,"SOC 2 assurance","Does a customer or commercial strategy require an AICPA SOC 2 examination?","Selected Trust Services Criteria scope sustained evidence auditor access and remediation","Executive Legal CISO and independent CPA firm","OPTIONAL_NOT_ATTESTED"
NAMIBIA,"Constitutional privacy and enacted data-protection law once verified","What law is enacted commenced and applicable and what are controller processor regulator rights transfer residency and breach duties?","PIMS local notice rights DPIA retention residency transfer supplier and breach profile","Namibia Legal Privacy Authority and regulator where established","REQUIRES_CURRENT_GAZETTED_LAW_AND_LEGAL_OPINION"
NAMIBIA,"Cybercrime cybersecurity communications and electronic-transactions requirements","Which enacted laws regulations policies and government directives apply to VAT-MSA and electronic evidence?","Security governance incident forensics evidence communications and signature controls","Namibia Legal CISO MICT or competent authorities","REQUIRES_NAMIBIAN_CONFIRMATION"
NAMIBIA,"NamRA and ITAS security requirements","What official identity API PKI certificate message audit incident residency support and sandbox contracts apply?","Dedicated government trust boundary strong authentication validation replay evidence reconciliation and kill switch","NamRA ITAS Integration Owner CISO and Legal","LIVE_INTEGRATION_DISABLED"
NAMIBIA,"Financial-sector requirements","Does VAT-MSA or a connected organisation perform a regulated payment banking or financial service?","Sector controls payment scope supplier integration and regulatory evidence","Namibia financial counsel relevant regulator Finance and CISO","CONDITIONAL_SCOPE_UNDETERMINED"
UK,"UK GDPR Data Protection Act NIS and sector rules","Is a UK entity data subject service or regulated sector in scope?","UK privacy transfer breach cybersecurity and regulator profile","UK Legal Privacy CISO and competent regulators","COUNTRY_PROFILE_NOT_AUTHORED"
CANADA,"Federal provincial privacy cybersecurity tax and sector rules","Which province entity activity and public private sector law applies?","Country processing rights breach residency supplier and security profile","Canadian Legal Privacy and regulator","COUNTRY_PROFILE_NOT_AUTHORED"
AFRICA_OTHER,"Country-specific privacy cybercrime tax electronic-transactions records and localization law","Which country legal entity service data sector and government authority applies?","Country profile using global floor plus approved local controls","Local Legal Privacy Tax Authority CISO and regulator","NO_REGIONAL_AUTO_ACTIVATION"
MIDDLE_EAST,"Country free-zone privacy cyber tax localization and critical-infrastructure rules","Which country or free-zone entity data sector and hosting location applies?","Country residency transfer identity incident government integration and accreditation profile","Local Legal Privacy CISO Tax Authority and regulator","NO_REGIONAL_AUTO_ACTIVATION"
ASIA_PACIFIC,"Country privacy cybersecurity tax localization electronic-invoice and sector rules","Which country territorial entity data and sector triggers apply?","Country-specific privacy security government integration retention and residency profile","Local Legal Privacy Tax Authority CISO and regulator","NO_REGIONAL_AUTO_ACTIVATION"
AUSTRALIA_NEW_ZEALAND,"Country privacy breach critical-infrastructure records tax and sector rules","Which country entity threshold data and critical-service triggers apply?","Country privacy breach security supplier and resilience profile","Local Legal Privacy CISO Tax Authority and regulator","COUNTRY_PROFILE_NOT_AUTHORED"
LATIN_AMERICA,"Country privacy cybersecurity tax e-invoicing localization and signature rules","Which country entity processing e-invoice and government integration duties apply?","Country profile and authority-specific fiscal security adapter","Local Legal Privacy Tax Authority CISO and regulator","NO_REGIONAL_AUTO_ACTIVATION"
